,0
0,https://encrypted-tbn0.gstatic.com/images?q=tbn:ANd9GcR4EMPDNDt735qMcsI4UxASK2Wc6QOt7jcKYYM1pmo4LVwBh6a1-2NebX6oBg&s
1,https://encrypted-tbn0.gstatic.com/images?q=tbn:ANd9GcQIoILpSAtXUbZIqPEPbyJBINrviBOXBNhw1oaZZPdmaidNwXXBcIB_BZ3S3g&s
2,https://encrypted-tbn0.gstatic.com/images?q=tbn:ANd9GcSkgp7USInZqGp4eNgCnuWAzXDZvqTzWrdiOQ2vz5r6BA0DVrCamBA9g2APz64&s
3,https://encrypted-tbn0.gstatic.com/images?q=tbn:ANd9GcRYjQZkydIul1RRPhThgrTWAqKvar5UTJbSnqmUwpZrLDnte-pqJOd2-TNAzEs&s
4,https://encrypted-tbn0.gstatic.com/images?q=tbn:ANd9GcQ4_jpwpiE08Ow38k7SWGwqIY1iBBdcq9BKL9jWjfi6B-bwjubBgyrr0zT66DM&s
5,https://encrypted-tbn0.gstatic.com/images?q=tbn:ANd9GcQJJTtQkzNxkpSxakoir2eFZFhr_iLKOosxfq534i6hvg5SWMUQin1bYb2S7Yk&s
6,https://encrypted-tbn0.gstatic.com/images?q=tbn:ANd9GcSlsGg_3DU5v9cMftHYeF7O9iDAZygLpktPAPDpjbpxmkZTekegbSbUNWE1VPI&s
7,https://encrypted-tbn0.gstatic.com/images?q=tbn:ANd9GcTKm6MUqtTqHzKSI3RLniroeBQ6uUdZZnQ_Lv1L7_pgH6_UPYmqRfMSBc-M5g&s
8,https://encrypted-tbn0.gstatic.com/images?q=tbn:ANd9GcTkgMdejsFOKOF_46fUl1wNTmpqCmIoj6BWt05QRV8ek5bsjTh6Y3nPM8rvOw&s
9,https://encrypted-tbn0.gstatic.com/images?q=tbn:ANd9GcSvTI4DtPNFlNLMo_mLNj6vqpqKdwtdKr3NbLu8wi-GQZVpuR7y61-EoMR1q60&s
10,https://encrypted-tbn0.gstatic.com/images?q=tbn:ANd9GcRe2qEMJ2KfKYeAMjIIx5ZAwLA2-lfgXu--gtc6mjDTEe7w65aD-10peAXm4Q&s
11,https://encrypted-tbn0.gstatic.com/images?q=tbn:ANd9GcRoeI2TwCQSWGAQvVSn0Lsfpc0pOdEyl2xOK1cHyWPhLl42DJ2hWYyIXn_oICg&s
12,https://encrypted-tbn0.gstatic.com/images?q=tbn:ANd9GcTJ3_Xrl9kGFmp8ICmOeWBz2OvElzClRPX4SYzFOa_gNQFMqqX1UlvuMFBwgP8&s
13,https://encrypted-tbn0.gstatic.com/images?q=tbn:ANd9GcQjqbwzv2xt6IXNQ4KDU-Qwm9HB0TFEjQEaBGfixtK08A7NzCz-Tmqg8DSwLQ&s
14,https://encrypted-tbn0.gstatic.com/images?q=tbn:ANd9GcRGn1ZirMEqO2-bI9-xk4uk2GD_4ggmCRyJGZl5EMVmPyv3vuyIQtP68vLn9VE&s
15,https://encrypted-tbn0.gstatic.com/images?q=tbn:ANd9GcRgGRISjr4gLAhKepNr20kuJ4z1RgblY6PZiHBbEJQA50H7AlbJJFrvLePekk4&s
16,https://encrypted-tbn0.gstatic.com/images?q=tbn:ANd9GcT83QM28vl3lP98DfmK9r0lV0ofvBa6-hitWzd45pgEQYrdoTQCRG41ggc0mSc&s
17,https://encrypted-tbn0.gstatic.com/images?q=tbn:ANd9GcRTXTnwfPDfsSiM_sN0Z7gi6MTq-FjIOCzOuIc_V-NEPjAB1lPyYfcdqPl1ES4&s
18,https://encrypted-tbn0.gstatic.com/images?q=tbn:ANd9GcSNUzrapI9wuMPVDSdX2xABgV4v9Fal4R8BcoXr2VdV__hXZV3WUX8LohiusQ&s
19,https://encrypted-tbn0.gstatic.com/images?q=tbn:ANd9GcS7Yjtqjdd1IV3g5LdCiLkBAuLobpNG4O0etHYgAVJGQ74y3Qjh4h-s65LFp7k&s
